StudyHours,Marks
3.745401188473625,10.252007975850331
9.50714306409916,17.091135866697396
7.319939418114051,20.200837800314943
5.986584841970366,18.01939083134503
1.5601864044243652,6.699418250716112
1.5599452033620265,9.303766636178175
0.5808361216819946,5.621701076949507
8.661761457749352,23.95030404051556
6.011150117432088,14.677046736286984
7.080725777960454,9.397009777321179
0.20584494295802447,2.6627034530579903
9.699098521619943,25.286184739865416
8.324426408004218,22.16896020598741
2.1233911067827616,-1.0752651121446428
1.8182496720710062,-0.8596585218637962
1.8340450985343382,9.850877013000364
3.0424224295953772,7.408280304705167
5.247564316322379,16.52641427766907
4.319450186421157,10.9402173467052
2.9122914019804194,7.429509202429774
6.118528947223795,19.987741397939473
1.3949386065204183,0.9071228752141764
2.9214464853521815,7.78422009808537
3.663618432936917,6.847669638817081
4.56069984217036,9.229268468264321
7.851759613930136,18.083538417482142
1.9967378215835974,6.102513412127558
5.142344384136116,10.462117852022903
5.924145688620425,21.089144849418666
0.46450412719997725,-3.311776193097576
6.075448519014383,14.254263076729163
1.7052412368729153,2.064447800811414
0.6505159298527952,8.861179246400653
9.488855372533333,24.704912313891207
9.656320330745594,29.30002352420716
8.08397348116461,12.782131837726668
3.0461376917337066,8.950595558680561
0.9767211400638387,6.889956828276782
6.842330265121569,17.517245609181042
4.4015249373960135,16.33121421881679
1.2203823484477883,0.4645136206176099
4.951769101112702,19.426159953709654
0.34388521115218396,12.35420364597671
9.093204020787821,20.91881724977126
2.587799816000169,4.241986932996564
6.62522284353982,23.829979494438053
3.1171107608941098,15.690637630888837
5.200680211778108,10.387400393678927
5.4671027934327965,11.566822898102705
1.8485445552552704,3.21243834383564
9.695846277645586,17.517363138942578
7.7513282336111455,14.785060851606874
9.394989415641891,18.466769705344387
8.948273504276488,18.531695935170575
5.978999788110851,14.774075033343221
9.218742350231167,24.21792953826052
0.884925020519195,9.964815015368373
1.959828624191452,-0.09219864321532523
0.45227288910538066,6.05229421514637
3.2533033076326436,7.063314047954064
3.8867728968948203,9.469613693974885
2.713490317738959,10.157823255180416
8.287375091519294,15.104827620986743
3.567533266935893,10.830881898259985
2.8093450968738076,7.855623783249799
5.426960831582485,16.029658398996958
1.4092422497476265,4.968948843908157
8.021969807540398,32.33142521840547
0.7455064367977082,-1.3249338292623092
9.868869366005173,22.017188640003845
7.722447692966574,16.190416600292615
1.987156815341724,2.1905064425530365
0.05522117123602399,-3.0488827084425285
8.154614284548341,26.331618366908614
7.068573438476172,24.7739548361397
7.2900716804098735,15.371447732277304
7.712703466859457,15.1199808016275
0.7404465173409036,4.208194075284279
3.5846572854427263,6.20052799220196
1.1586905952512971,6.0613855769057965
8.631034258755935,22.592200751146336
6.232981268275579,8.00373259570279
3.308980248526492,16.009976627966537
0.6355835028602363,10.5683471226282
3.109823217156622,4.710614590469624
3.2518332202674705,6.191075250988756
7.29606178338064,19.669481412076124
6.3755747135521315,17.611220733815454
8.872127425763265,25.473039927772316
4.722149251619493,21.85639582288048
1.195942459383017,2.105120010987296
7.13244787222995,13.839633457882604
7.607850486168974,12.1230300753498
5.612771975694963,10.377279739527811
7.70967179954561,19.10854463449504
4.937955963643907,21.317679226698708
5.227328293819941,10.480264239368996
4.275410183585496,11.807465217158233
0.2541912674409519,0.5533636882386194
1.0789142699330445,8.639252042073032
0.3142918568673425,13.420391771536464
6.364104112637804,13.255916416992907
3.143559810763267,5.411702314317058
5.085706911647028,17.93507166446293
9.07566473926093,26.098619296283882
2.4929222914887497,15.465842357402042
4.103829230356297,13.179214002520562
7.555511385430487,17.09231800964092
2.2879816549162246,8.673228290752109
0.7697990982879299,7.468015648634363
2.8975145291376805,11.346197228831022
1.6122128725400442,6.566902336886599
9.29697652342573,28.57581475651009
8.08120379564417,26.04948744133879
6.334037565104235,22.745888867948224
8.714605901877178,25.03006419264116
8.036720768991145,19.25621152089359
1.8657005888603584,5.397819904317511
8.925589984899778,28.34651979479123
5.393422419156507,9.398877692955088
8.074401551640625,22.02937042346607
8.960912999234932,20.435588436450526
3.1800347497186388,8.093810988970684
1.1005192452767676,9.143557426228412
2.279351625419417,6.653874403648058
4.271077886262563,10.909877456437151
8.18014765922493,13.65108844316273
8.607305832563434,25.24953241154469
0.06952130531190703,3.4012241689851446
5.107473025775658,23.584956180966444
4.17411003148779,8.89638390395447
2.2210781047073027,6.648446900087952
1.198653673336828,4.243552601895846
3.3761517140362796,16.327645683908074
9.429097039125192,23.09626493587822
3.2320293202075523,9.475180929370577
5.187906217433661,16.00924809216685
7.030189588951778,18.508519588161235
3.63629602379294,6.858571986729709
9.717820827209607,25.265002032515557
9.624472949421111,29.42934112285164
2.5178229582536416,1.1619808985788032
4.972485058923855,13.096061018044017
3.0087830981676964,4.021353670723375
2.848404943774676,13.096245504060903
0.36886947354532795,-6.693760840055554
6.095643339798968,12.444499113139479
5.026790232288615,14.453034956044142
0.5147875124998935,9.114588927421435
2.7864646423661146,6.637410300550347
9.082658859666537,19.930649515700352
2.395618906669724,15.394832613877261
1.448948720912231,-3.617697699800643
4.89452760277563,1.242289223838668
9.856504541106007,26.84133360303168
2.4205527151150044,3.541110666024455
6.721355474058786,11.697224599493397
7.616196153287175,22.582272619714708
2.3763754399239967,7.159942168665986
7.282163486118596,15.385015561612846
3.677831327192532,2.793056324626858
6.3230583059357945,20.16993240624021
6.335297107608947,19.089248658815674
5.357746840747585,12.898487782972047
0.902897700544083,11.490429231598537
8.35302495589238,15.532138558100186
3.2078006497173583,0.39187576966970106
1.8651851039985423,1.2034224105901337
0.40775141554763916,0.7914484570916089
5.908929431882418,15.989020826319505
6.775643618422825,15.732928756775413
0.16587828927856152,2.1749727057678876
5.12093058299281,6.5446293365298045
2.2649577519793795,12.881217400314746
6.451727904094499,15.718563868273403
1.7436642900499144,9.945639883065425
6.90937738102466,18.98707018445017
3.867353463005374,11.952149753282354
9.367299887367345,26.267086119579382
1.3752094414599325,5.676566403736405
3.410663510502585,11.740272575594183
1.1347352124058907,9.482600681676884
9.246936182785628,24.099946305471423
8.77339353380981,25.478502622467083
2.579416277151556,5.999862221442756
6.59984046034179,23.70018722810184
8.172222002012159,17.04859349473405
5.5520081159946235,22.884722454540636
5.296505783560065,13.040474705678445
2.418522909004517,-1.1075682380789482
0.9310276780589921,2.968091269701427
8.972157579533267,19.025135661458762
9.004180571633304,26.713669174026883
6.33101457273268,12.564416535319745
3.390297910487007,6.244827610143619
3.492095746126609,-0.7174642894111312
7.259556788702394,15.887360375510603
8.971102599525771,10.308359865669646
8.870864242651173,14.257646489199317
7.798755458576238,23.298961927162082
6.420316461542877,19.979791947111355
0.8413996499504883,4.230786933801045
1.6162871409461377,-0.7941628632807207
8.985541885270793,22.225297932467083
6.0642905965958995,15.142713796036906
0.09197051616629648,-5.561897155546973
1.014715428660321,10.053780080486556
6.635017691080558,20.974355680579748
0.05061583846218687,-0.9782812729928525
1.6080805141749865,4.154630480410121
5.487337893665861,14.760258773902414
6.918951976926932,7.088705600195878
6.519612595026006,15.06314457496203
2.242693094605598,2.1968114965250027
7.121792213475358,12.796380484213817
2.3724908749680007,4.525725722990227
3.2539969815926773,17.123425088229304
7.464914051180242,21.866499434285654
6.496328990472147,13.384927527266385
8.49223410494178,24.093499169135242
6.576128923003433,23.437099490438595
5.683086033354716,18.830883497950634
0.9367476782809248,2.640021045303183
3.6771580305943354,5.958211187957969
2.6520236768172545,10.121175760111086
2.4398964337908358,8.067168011585837
9.730105547524456,28.801229968949805
3.930977246667604,13.003302125078857
8.920465551771134,27.548927456024508
6.311386259972629,13.102289592128733
7.948113035416484,26.45725291671284
5.026370931051921,13.5539253510918
5.769038846263591,24.798901478785304
4.925176938188639,8.867003255023757
1.952429877980445,13.56089371077736
7.224521152615053,19.05085679885087
2.807723624408558,3.762219042949153
0.2431596643145384,-1.811530009485262
6.454722959071678,14.535070856707595
1.7711067940704894,6.548596717185806
9.404585843529143,26.125642049000355
9.539285770025874,20.979714405371787
9.148643902204485,22.7498367942063
3.7015870025544437,19.965319299445426
0.15456616528867428,9.024131263725243
9.283185625877254,25.389582413063295
4.281841483173143,10.89462109877386
9.666548190436696,24.76652710968305
9.636199770892528,27.158089290883403
8.530094554673601,16.21127356069198
2.944488920695857,6.074339614622917
3.8509772860192526,1.2845228456601845
8.511366715168569,23.27453240094782
3.1692200515627764,11.159029827420646
1.6949274668609249,1.8213863556554424
5.568012624583502,21.78996537790892
9.36154774160781,17.275041039007817
6.96029796674973,10.078870515825223
5.700611700893649,15.373788345033983
0.9717649377076854,7.6649038573299855
6.150072266991698,23.794819124768587
9.900538501042632,22.45692493826188
1.4008401523652403,8.895504548069578
5.183296523637368,12.765698961589882
8.773730719279554,21.071190298494788
7.407686177542044,22.93751513128847
6.97015740995268,20.687007916948797
7.024840839871093,9.680141314756483
3.5949115121975517,16.36998052912336
2.9359184426449336,14.24025287734959
8.093611554785136,17.106215379415193
8.101133946791808,22.231852534166563
8.670723185801037,24.14695889591629
9.132405525564714,24.13438264303132
5.113423988609378,10.032034202296344
5.015162946871996,9.179790527489732
7.9829517896677515,19.82960911921215
6.4996393077776515,22.112743365740954
7.019668772577034,20.267172704414744
7.95792669436101,18.041745075471994
8.900053418175663,26.108627098680877
3.379951568515358,-5.792834181861982
3.75582952639944,15.133402317859115
0.93981939840869,-6.349020397868772
5.78280140996174,12.64479881788869
0.35942273796742086,-4.699792628212167
4.655980181324601,5.166543074706974
5.426446347075766,19.370249804582013
2.865412521282844,4.825025296647653
5.9083326056901075,16.503350922878848
0.3050024993904943,0.5279033540803153
0.37348188749214417,3.3189088548459678
8.226005606596583,20.94912347179274
3.601906414112629,2.5898049143387247
1.2706051265188478,8.157846913532818
5.222432600548044,10.587298585563547
7.699935530986108,11.466929334166517
2.1582102749684315,3.2549498825915166
6.228904758190002,23.07606084864656
0.85347464993768,6.384795335411665
0.516817211686077,-0.4512176428241035
5.31354631568148,11.537577267611555
5.406351216101065,11.90770278416575
6.374299014982066,26.31948745525937
7.260913337226615,20.061960604224303
9.758520794625346,26.546510222518712
5.163003483011953,18.058925977689093
3.2295647294124596,9.267857618663717
7.9518619476870365,18.584444140114076
2.708322512620742,5.789057036126964
4.389714207056361,10.616279220570583
0.7845638134226596,1.775298351007441
0.2535074341545751,4.271916303571337
9.626484146779251,24.325939795984624
8.359801205122059,24.562703398883045
6.95974206093698,16.99577225179954
4.089529444142698,10.616999561937199
1.7329432007084578,-5.658645420889394
1.5643704267108605,8.49256444028956
2.502428981645953,7.988514833604846
5.4922666470612045,18.72071716695127
7.145959227000623,3.3836211765331097
6.601973767177313,26.94680794184692
2.7993389694594284,6.300399282872703
9.54865280663194,29.412546100267434
7.378969166957685,13.247893281766558
5.543540525114007,16.922720838097867
6.117207462343522,10.025940839990525
4.196000624277899,7.371156757215723
2.4773098950115746,15.763431506862867
3.559726786512616,7.945904962464806
7.578461104643691,20.033317127507843
0.14393488629755868,4.710175869187667
1.1607264050691624,5.38022545253593
0.4600264202175275,1.9021605762617009
0.40728802318970136,2.8430250703053805
8.554605840110073,33.403592526466554
7.036578593800237,17.303352499332668
4.741738290873252,12.859840960757968
0.9783416065100148,7.699125996313097
4.916158751168323,17.81802654271073
4.734717707805657,17.771945797316043
1.7320186991001518,7.523697857896302
4.33851649237973,5.1312666672969085
3.9850473439737346,18.129776021439817
6.158500980522165,9.664525486211971
6.350936508676438,17.39051859788626
0.4530400977204452,-2.6387790057956764
3.746126146264712,9.044623632696817
6.258599157142363,17.29030994437331
5.031362585800877,14.185192541753558
8.564898411883222,23.52184980088448
6.58693631618945,24.53589713576686
1.629344270814297,6.341032184605641
0.7056874740042984,0.5434355085575024
6.424192782063156,20.880917796599675
0.26511310541621813,6.610135208163748
5.8577558127346325,8.506350456151619
9.402302414249576,26.49275638487323
5.75474177875879,17.892718158451466
3.881699262065219,8.21643063836309
6.432882184423532,22.96073952761693
4.582528904915167,10.706044327125282
5.45616789315935,14.268302000256085
9.41464808776525,22.671261097993778
3.8610263780077423,9.730461182926694
9.611905638239142,18.548388661121848
9.053506419560637,15.43351163593012
1.9579113478929644,12.867303685857271
0.6936130087516545,-2.5007742197125022
1.0077800137742665,-2.4375117128458696
0.18221825651549728,-10.31140492672983
0.944429607559284,-0.8337347195493012
6.830067734163569,10.459720368371432
0.7118864846022899,9.989792012187571
3.189756302937613,13.023476204057204
8.448753109694545,17.681131048347744
0.23271935735825866,11.84397742011719
8.144684825889358,25.270539499681366
2.8185477477339993,5.422212451791886
1.1816482762165625,-9.542907883826459
6.967371653641506,28.873141997057473
6.28942846779884,8.775708835679119
8.77472013527053,13.709806603391863
7.350710438038858,23.489628255145348
8.034809303848485,32.28578529131758
2.820345725713065,13.972228406835253
1.7743954377972282,7.255534194754869
7.506147516408584,21.73914049934789
8.06834739267264,24.43794627558314
9.905051420006734,28.557271498950662
4.126176769114265,11.721399042632541
3.720180857927832,9.821457664578961
7.764129607419968,19.09735837905231
3.4080354025301784,4.750265561992066
9.307573256035647,21.865557755755248
8.584127518430119,12.995534725098372
4.289940273750183,10.233152550401709
7.508710677914974,13.828821159032847
7.545428740846823,13.345625266038203
1.031238688359326,3.4775674766657074
9.025529066795666,29.523834098712165
5.052523724478571,17.222892341207995
8.264574661077416,12.808933634577656
3.2004960103061175,3.0530993429136055
8.955232284962005,27.091936652346092
3.892016787341631,4.81760500066253
0.1083765148029836,-0.8522244629776641
9.053819764192637,25.384809905604353
0.9128667678613356,-2.559555354664837
3.1931363759041487,8.50971847049017
9.50061967050805,17.0814217016791
9.506071469375561,20.758340453682834
5.734378881232861,15.934856873794837
6.318372121697992,7.8309616365866335
4.4844552197831975,13.413511739259988
2.9321077169806453,7.232080297818207
3.2866454536991596,10.979063406333637
6.725184560770384,17.932532072249266
7.5237452943768,25.63006538581122
7.915790437258485,20.41559860638575
7.896181427945539,17.59342586423758
0.9120610304869037,2.8916400913786777
4.944203047025814,15.076997762746476
0.5755876001664428,1.6832693520446287
5.495288823237355,13.9411805141128
4.41530501373377,7.528304095300649
8.877041827582998,18.878099981202755
3.5091501255207866,1.7598489548034992
1.1706701642760586,11.674559126624843
1.4299168205283586,-2.644524125635529
7.615106317174723,15.57323980395727
6.182180633162611,11.86341525506054
1.0112267612279024,7.002688787791962
0.8410680611499743,0.6279217614147967
7.009691314591199,23.762938649846667
0.7276300636419353,-1.5483779621145042
8.218600592903563,21.941472293377917
7.062422271564962,13.47932041261362
0.8134878064189976,12.759465154914436
0.8483771408519192,-3.817049243017766
9.866395785011754,26.21509301366452
3.742707957561203,12.525654298563499
3.706421470668909,11.335049163929764
8.127995672575025,19.39355088704902
9.472485773838587,23.032110935929335
9.860010638228708,24.869083955467318
7.533781852589416,18.0994446233311
3.762595855309158,14.225885222247443
0.8350071669866876,13.140132925423476
7.771469159274368,16.64121397314675
5.58404249735805,7.1110913454997355
4.242220092469763,10.164139989418134
9.06354385094736,35.557406315639994
1.1119748230615134,-1.2384357821948706
4.926251042908591,20.511211634491815
0.11353644767419069,8.67234518956768
4.6866064199412625,8.948574841313183
0.5630327568183735,4.252497287972311
1.1881791626807192,11.112431022344488
1.1752624677710488,1.0425174644901865
6.492103021160636,15.212355752389783
7.460448792654233,15.742717411892365
5.833687650971596,9.510435473964657
9.621725484745419,20.80792598653351
3.748705795237041,3.252063154281319
2.8571208628186073,7.313219498342649
8.685991281894603,17.865112049443297
2.235958385194526,6.758825521940054
9.632225394406113,16.301085254997147
0.12154474689816341,1.9582630283176938
9.69878826707639,28.414615475735598
0.43159911950576113,-8.889680414092874
8.911431136980712,24.148860691689638
5.277011090862999,19.330872689523957
9.929647961193004,18.775914809526483
0.7379656473539886,10.20777605257349
5.538542844013207,15.941452156863244
9.69302535619099,20.70750411168543
5.230978441701488,12.79860071596519
6.293986381352625,18.526600515990175
6.957486889846171,17.773744181677486
4.545410647677732,14.057306581426177
6.275580800840634,11.085584036704756
5.843143119231002,15.454661918257896
9.01158010490989,15.460377777749823
0.4544638034145787,0.5800292017929453
2.809631895922303,2.5045415324818086
9.504114840765588,20.08263738896514
8.902637838909163,28.437060473325097
4.55656752785713,16.84796942261417
6.201325978015367,18.549005549574304
2.7738118298113266,1.4729657511654208
1.881211597237613,3.120986744620023
4.636984049399821,17.65794862339547
3.533522280260528,9.542390268850843
5.836561118508721,26.188050496180274
0.7773463696498484,3.9099551210964805
9.743948076661665,25.320115774104323
9.86210744479603,23.109686290977567
6.981617140197452,18.12174737440504
5.360963663441204,12.640059976700291
3.0952761628632777,11.278733790601148
8.137950197069486,25.128387076646636
6.847311725538793,13.188332011307235
1.626169393448913,-2.590741284166608
9.109271844938425,13.59215274682958
8.22537242923169,23.103387707641943
9.49799913291924,18.228164801428733
7.2571950838836,7.378534744946586
6.134151959357899,17.27827292104957
4.182430362906189,22.921073494429425
9.327284833540133,23.287857526150866
8.660638895004084,25.84405110976842
0.45218670106189407,1.5396135453925601
0.26366974497252005,0.16472609647558678
3.7646336687804958,14.006966586890083
8.105533307818328,18.812460548602562
9.872761293149445,26.01886480323313
1.5041689110352818,5.368911308568273
5.941307153521351,11.512815615588135
3.8089085663102153,14.482483163458152
9.699143978146033,23.37306116188804
8.421189231357086,17.274247280928495
8.383287047111379,23.640766835630465
4.686931597949703,7.22498908591907
4.148195023376652,10.51139334528727
2.7340707193070624,6.789581815046638
0.5637549665092711,6.838865245431068
8.647223762550531,23.99155057077609
8.129010091300776,20.19739043452622
9.997176732861305,29.0817733281547
9.966368370739055,31.866958671934203
5.5543170560262745,16.674844171824997
7.689874151805105,19.276448478729666
9.44765729882428,17.059962085309905
8.496473906774115,15.915616451558424
2.4734810174319763,4.657579021806602
4.505441353100935,8.216042371955922
1.2915941515149498,2.2941288638601445
9.540510272587223,24.134525305953595
6.0617463445088005,17.802829633055655
2.2864280550346274,5.363576247291112
6.7170068440585675,19.22502532927743
6.181282404578958,15.775578085497997
3.5816271803284048,-0.923264880948345
1.1355759219962902,-1.857737164103046
6.715731955927996,16.068892111211913
5.2030770090379335,6.959218808389296
7.723183917356393,22.307603443372003
5.201635011119934,20.65784168951832
8.5218150031854,27.398346766450086
5.519068387744856,12.730456614711098
5.609379715353863,21.477079972634417
8.76653602658345,22.659677352469185
4.034828662123971,8.40164179971973
1.3401522845064073,0.2833673935613197
0.28782676313338973,-0.7927815246071674
7.55137255673619,16.93754729913433
6.203095513534647,16.359819895714057
7.0407976809922355,18.404864107729914
2.129641615089107,5.33933413848984
1.3637147558676976,5.5939777384009925
0.14544665667881929,6.3168480156287545
3.5058755880659698,13.512459647371543
5.899176868546331,7.323452329116309
3.922440450997323,-2.963504547016468
4.374749220237291,15.608472606789597
9.041586944937483,15.769573870266605
3.4825546702330037,7.582559666119091
5.139894891598108,6.999172098698472
7.8365301274114305,10.581423130628476
3.9654278232127016,12.620883199055694
6.220867002278735,19.34794330721007
8.623637087467452,18.67654071503503
9.495206236576422,10.782804130716507
1.4707348092903794,0.9456147819635343
9.265876251614944,25.123710656050093
4.921162930795382,4.908349483117812
2.5824438829895833,7.372909306369737
4.591357562382613,11.401844660091554
9.800325752854771,27.397271880142373
4.926180939928696,12.913354191892505
3.287516102875082,3.3534455527799265
6.334008543167258,21.8178788662406
2.401456187781931,5.210992604319978
0.7586332810866392,1.7600605051669387
1.2887972191064923,-1.4443467475997496
1.2804583895777244,0.9847347179867594
1.5190269351229435,-0.6264462323271456
1.3882717264941014,2.6059490166181387
6.4087474480321465,24.580411020792084
1.8188008439914483,-2.3125036046781613
3.456672833238632,0.5738750937128749
8.967884099060118,29.775561885118336
4.739616402628723,10.802422620812477
6.675577385210271,13.343579769726098
1.7231987120162984,9.507520217021128
1.9228901880867078,1.7791477715324486
0.40868616266478863,10.151763974396653
1.6893506307216455,7.613005933500459
2.7859033903195862,4.525201435070452
1.7701048427674682,15.211803173246189
0.8870253375705561,-0.8110112710903019
1.206358711006008,6.726373637561554
4.607787680327258,13.015932102850602
2.063337184057925,11.667049407138803
3.6426986104807546,16.91430250983615
5.034172708548569,12.745452516700254
6.903948286293653,13.492781364003218
0.39312139841098936,3.2826642107230555
7.994103989090426,16.596683123965533
6.279003894909078,25.76444597490581
0.8175903194887191,2.726652454135485
8.735786241067773,20.012857846108886
9.208724005318132,23.945211542619873
0.6107795985486375,-5.208682451276889
2.7687764814720373,2.063871011126836
8.062012797930613,26.15710153454866
7.482596903836583,15.422020864734478
1.8452101935637732,-0.6215294295002654
2.093493233367103,7.916996846054188
3.70472102791382,15.190323343099534
4.845229851910213,15.707841183100866
6.1825477153029595,20.43660771728648
3.689136395697724,5.438865546397006
4.625347161331479,4.45431456961948
7.474709381337565,26.193441713121345
0.366832028905979,-0.6963191219457312
2.5243694434402073,5.0567585263252814
7.133495858845524,24.474710356359097
8.952068376871994,25.161320989183285
5.116774421156661,15.071374913299692
5.321134852653157,24.12784885613831
1.0717201133977605,-0.5382908684063135
4.474123668234546,15.824509810992552
5.326172664550231,13.600497285861001
2.4247050363472966,7.404723985184526
2.6924323094938094,14.373422905797183
3.7728416310462265,11.971282859063685
0.20071197777726368,3.193260339691324
3.220791655831783,13.414515826128468
2.1144800699654462,3.4614365271991883
3.2749735217791462,3.991385467752833
1.1976213181925122,-2.2299926746238876
8.90527280739895,12.431399071617365
5.935924535540487,25.120846988552827
6.791023191444896,11.461516150003824
7.891712386073383,18.623012847254596
4.984421989290572,11.076988473781828
0.8692028808742369,3.710040691231096
5.371065418185478,17.50634960816018
5.868411180208791,18.973395392320704
7.4543947418433,15.72059966176356
4.316595462296794,9.955880086809929
1.2758030279556376,4.602407322330592
2.8377590579872445,5.850942014050377
3.630822963986351,17.11378529006584
6.459172413316012,18.602805791481288
5.707783046689119,17.943846546971884
3.5609672589784624,12.21682449078322
9.865152487929796,30.530250507251118
6.057748193568871,16.049478277440713
2.372267917359945,-0.5534899463793703
1.0178247262040374,4.543001574273301
1.5285913918433203,0.5646940106491556
2.459577283845081,3.5058598008639192
1.6068137325955567,6.948854425264358
1.8656702405130576,10.855590958450822
2.850951686938471,7.2337371010264855
1.7337359529475482,5.878504945363689
8.967654246264251,30.93021033883682
0.8023374566164221,3.209609538983897
5.245113895702547,26.12120031015834
4.103968269896615,13.087468902899259
9.823786169086064,15.755651626936071
1.1203890216805235,6.567680659723971
3.9785559904574166,11.85218190055743
9.69470433275369,30.68552460229795
8.655071258939802,25.003584903699295
8.1707207094928,19.73452185381313
2.579028270449398,0.32607949467666675
1.7088758739006582,3.227073398321519
6.68643219924431,12.463478227064273
9.293759891275858,20.33178247916603
5.567628930139298,16.861964347451295
5.7161268946989985,22.63983975850453
2.7997909366028417,8.97283499062201
7.694929331919369,13.2579080196225
1.8704374855752337,6.8991070550387885
3.2367923640424365,14.075138343334347
4.254364386164168,7.58699644381351
5.07610378684455,12.020173633746786
2.4240973241508024,6.1336842840229915
1.1483682473920354,-1.0535709469311119
6.1062004244163255,18.506903230260107
2.8863055324025577,6.611023087967487
5.812382214226123,16.628617755100446
1.5436271527420231,-0.5783930071554426
4.811401018548175,9.841211044753384
5.325894325515859,16.926642602928503
0.5182353682242691,-0.5685773398981622
3.366042781939206,17.04992621101504
1.3441467693897424,1.3621859954013442
0.6337497047276774,2.7077978905786235
9.899602323899453,29.41195996911408
3.2235384497472297,0.967017459702916
8.09874445854635,11.442817086461993
2.5464065476376385,-1.2622652037563782
6.8150272222392925,23.350488572734143
7.6022785988968655,16.24640576777993
5.956387406078443,27.681964943537366
4.715761885501584,8.968166720467018
4.118409141472686,11.2187793696669
3.4886826654299528,16.43225642641426
9.29529144247826,33.26869304699126
8.306194077877292,31.07300307787522
9.650269106665126,30.16750391962853
1.2429722348554473,8.22774321619593
7.308674752036443,21.23432162609702
9.383404568210379,27.350316801359135
1.8123306616566015,1.7748980724988366
0.664962673667775,-2.4285877329420984
7.4112064929005905,18.511143945196718
5.744731131799119,13.510904716873156
8.41828776758272,18.779579172320425
1.397723766262895,6.976246652940814
7.952673118598902,24.65820883934981
2.0162732004774453,5.4827174326528505
1.636559428657045,11.479048976918921
1.6426579793099294,-1.6018006223927017
8.14574720231382,19.396070709385963
6.651972206962001,13.04581891439098
5.230654247691193,3.7439525338626822
3.5883048412350247,8.557358673874067
8.772005408131083,21.321275978411286
3.924451074226354,17.37837640177654
8.16599439471577,23.56904440956331
4.391349085702184,5.8574385926094354
3.769444294249076,18.694073567293632
4.626797856696064,17.672163119366925
3.0137787416414206,10.44493537144663
7.476093801762511,17.557814010157117
5.027203900924792,7.770813568694581
2.322126951468173,3.9442834983151673
8.995745732745684,27.93310743038514
3.8389122137321143,19.02021206400333
5.435528611139886,21.30503916921066
9.06472110964547,20.217555665182303
6.242379959139921,10.007862731404746
1.1689804070836407,3.626882252265122
9.398321236134752,14.65360626252262
6.277080530714178,17.308539897709352
3.3490561465708613,7.634627434933809
1.3927207266338726,1.1516193072434704
7.9402518927029595,11.877114395423419
6.200727559285135,18.06981943106142
5.334610919763215,10.673023101098481
8.938925830509577,16.4977303977225
7.885972112245307,5.35361921420502
1.5167487973275118,3.6542974680655984
3.1172206779554825,16.654309678237425
2.4848913981446574,14.518524568100993
7.43946292572677,16.313176031385566
0.3353243473577938,-2.172749433414418
5.698896848713165,16.59111340215803
7.624586857406905,14.069539947575805
8.767656367617494,23.428100418141064
3.4208174871590744,12.382445109821138
8.212573046720129,26.666098736221862
1.1063173695520723,2.2650230414804167
8.464522917345182,20.142938542478124
1.2748866233198242,-1.202696375483245
3.9728729056036727,5.797780493809881
7.972953657795536,18.799989684981206
1.4991742734877378,5.584763217800234
2.2925139523264146,10.299208011982284
7.222525683930662,14.040419456424932
7.200365365460744,25.464356258449467
6.411476328852973,14.67307281691959
6.939484444671001,17.24187463993532
5.427244433475962,9.832052687950789
2.5179905890695276,-5.82622482869089
3.4569599350391944,13.062626819403235
1.8159771680142567,8.224162405497808
9.084505613336283,21.304626247749642
5.833917947661204,14.919748455277372
4.008514167636399,12.600981507611495
4.620058036441327,3.7374158066706045
9.472833396118153,21.036820103563908
1.533514031160802,7.80510847601114
5.862298320167972,8.384298684573684
5.05888678884466,14.115006632944796
6.1145423543464785,8.503446862749172
0.18110183820840509,2.7849045076886445
8.721239089441514,21.624890312116367
9.321182824836123,15.22729798256276
5.65133183589209,19.95202636201608
6.966508238768922,13.74331271293206
9.224993811772958,19.01122234436049
7.072386343133986,18.68381184398968
1.5253904291426135,9.55666282000011
5.762883601668132,9.328099909278345
6.067150463828559,15.476275408811258
4.24130671302386,12.747349284212515
7.3644423562472285,21.876633926933792
9.343670147690148,24.241383145611493
9.255685129067764,21.304073627252798
4.508393714041321,7.133033181859704
1.1323804584075525,3.261670561250755
9.848411989623346,19.26033491413033
8.388980864459342,6.365699743675318
1.2466268120326685,5.2993660508700104
9.208418826173723,27.540721270865287
8.698963620621283,9.932746873844017
5.188380571260721,7.922297904602115
5.912754357449293,17.87765719864922
3.9900270387013026,20.26254494531175
0.5476163882203133,1.4730095089278228
3.3519724164590095,4.739916335001851
8.028534485980114,19.156854009426084
0.04632023004602859,6.9901826708559955
3.334991716911442,5.107658396655928
3.9816869359094333,5.958257306522316
5.373956029379229,11.02117246253791
9.198556164127606,18.229747369025453
3.4634599436596125,9.27200143912301
3.469532018962277,16.797222339753496
7.3750124810974835,20.052927568323856
4.522179408898071,10.04368101161374
2.2460482293998196,4.156064228921829
4.524395161326934,3.4950338598340513
1.4085702037979986,7.936974395230791
1.763869865062233,4.0204886775915725
4.983677727394797,11.556794750533864
4.189254495045479,26.438674076838
9.148459010681,24.36491206853093
3.623938991166331,5.300892227439906
5.805883502780435,12.38292077592337
6.322642879195303,21.548835743972035
0.13094456588333636,0.8937134673971632
6.635373720167106,9.397044408830933
1.7803596686975143,9.047043844619804
9.610703174694551,20.68603750904141
1.4866272775311296,13.083057074915551
4.146241237270237,15.765843421748837
0.8534966807864386,-0.10286777632765931
9.968742518459473,31.326938104824247
5.021950103312426,12.894152810918081
5.953850173200438,19.14849380861219
0.6707647738842748,4.100576021183061
7.499604703991778,14.517228485025079
2.0990559309558576,2.029890665802334
8.980542894407137,27.601161323923648
2.0513964048200717,3.4546143515174745
1.9068772066366657,2.7489507003816804
0.3654966784809488,-3.8618712005443925
4.720669451099992,13.919668955717286
5.648411332626164,24.433652927781136
0.6570863942835237,-3.6949485855625555
7.755276166950106,19.509287700739055
4.532888347480276,18.393323645777837
5.243902693275801,12.711549776960926
4.407627469382281,13.280927654704373
4.00763060875326,4.707108881148752
5.596403313082179,16.13254376874369
1.552402459307125,2.9452848232450686
1.8192813049527112,9.476853240781093
8.617856210135173,27.481570783161686
9.461154621336327,36.60070476343389
3.7330931627975295,12.230898773061703
2.707446731435538,8.397598411499677
6.439995432390157,17.071910088862072
4.087341710980964,8.45252281339897
0.2538635566034486,2.3270781088170773
1.5615259736619036,2.426807883459612
7.159722288473976,18.741610602533008
6.589239419101514,23.061086225793584
0.2709599250348349,-4.355313013811118
2.219721619329494,11.248696853968962
2.310747965880714,12.362445251401113
6.718927435987284,16.206975955012815
0.19710537754364155,-10.116511051183869
1.0410858198457384,-0.436395385857816
7.999160853731894,26.48287486713528
1.7854466205433361,4.349276239863929
6.527461078518747,11.322141534822311
2.381827810467265,3.4306949200270753
0.9944139275934516,6.689134951506395
2.4317219099945406,8.812972615993248
7.2226693185565916,16.86201280054301
8.556964681062858,19.55828964358371
8.302198645669916,18.796705868955684
3.9718352961845484,5.317537317968858
6.680851365706461,24.77900686161336
2.0498429541582097,3.5130050393388252
2.9314773026101326,13.414485860652814
8.963358185211197,30.01497572264025
0.13001923510736035,5.316602578508203
0.8550853085446808,-0.020388292228540106
2.078862551460273,7.2158068303337295
0.26532203873819715,0.5423270648909121
1.8143543508979731,0.017376573594292566
5.830415609696922,16.19783543285032
4.214245505924979,4.640414809013436
8.926717110769749,28.25518971923219
8.17443561738441,18.113002556969057
3.4181735169787597,9.551232071811096
2.594234334312925,7.902025193513024
3.7969240816726693,8.197785335661287
5.902949425148077,17.690842570246566
2.6806364082287626,4.327072737459284
6.24148907849134,19.96020918351457
4.0941165219124045,3.5053929035472686
5.520471808519803,14.433077419031566
4.361265291353167,20.597808223674342
2.9446575954191765,2.359987365520068
9.484533069621566,20.322607821429656
7.636057941597608,21.659684102288594
1.4011317576645255,4.4007383038593035
8.684679758979128,23.464849893815614
4.874311982495136,14.631715606976158
8.945522268940914,25.537413015161135
7.998552559473152,25.544880608464
4.252135044692334,12.679430896373399
0.22469308320117398,-0.6445555650897773
2.686773593849461,10.07980249063731
5.416342146608669,23.040265040997753
6.334782198261473,15.173786763740814
2.578876854332023,1.5745456124768502
1.3935607407282413,9.019305198255466
8.34930236799299,20.271350100214484
9.84402180703552,13.746706787518619
5.256901823026858,17.379362943319254
1.716792858483035,1.6153412164379737
2.7230732651936895,6.35501675146342
0.18390676547466733,2.119668566531741
9.14298806560499,23.80996856290781
1.1775108289014113,6.4910361579487255
5.765164755142536,12.235480035007122
2.74055220687206,9.416909508060563
5.541780025157934,12.556716674975249
6.514203883518642,19.97956211323412
8.297418037072017,23.82038251274531
2.064212717606032,0.4833382837921034
0.10995828658480478,5.704806297337173
1.3688563006880727,0.7423235261499417
9.00018641848105,26.54075503760835
8.738900775625153,23.683688506069586
5.974131021703083,24.126245938233318
6.005168604336534,13.895591598982072
6.650366745462555,14.879332883065398
1.753712786234496,4.287183936147577
9.144119459249598,21.344399733952617
4.187705248920731,14.468972632012079
3.8313852824949746,1.4969101640544977
5.189177052828375,7.704530536339169
0.46965966775055046,-4.164865438519589
1.662833687560794,8.908622178769864
7.380336164263705,27.003907273568885
0.8279866792512647,1.5477206054408041
6.031521094663882,14.23469412070965
2.4534910968132095,6.483988557598931
3.8929561404197655,15.541781864090368
2.8869373677069987,2.580577748314626
3.5567271646494913,10.083662825297655
7.1904590518424545,22.852135778518285
2.9712171562317504,9.933513740278602
5.664046402968972,15.108024090416146
4.760504021990997,16.906490517813197
6.636711653626481,3.0756176690700148
9.36829739324758,26.81012008077349
7.325720972102503,15.04392401461914
2.149403785907568,-3.7796550195133642
0.3118313506128467,3.3355913741570205
2.622640442998251,13.424893833310415
5.9507793070025485,14.189705694367913
0.5142581348425035,6.0500180731209525
4.963662472012364,20.470547469974136
5.968428489168892,21.49564349084247
3.3424389081696084,16.55591991728099
7.7091220374582194,22.98344254900501
1.065982531337718,3.042124522852259
0.7513778173580876,-6.131384516090623
7.281887562036033,16.97440646444034
4.954913162061985,8.171049928574003
6.88402396427736,28.06477349818247
4.348273386037462,9.991254402931972
2.464020332391068,6.7760748649000995
8.191023176741997,23.234984822057328
7.994158789689792,20.20340920608675
6.946964708544268,25.842666973514437
2.7214513722996267,3.6903816220768064
5.902306668690871,15.72880394791339
3.6097389694002677,5.3119944950104285
0.9158207332663415,-4.310560722937675
9.173135754622429,19.873993932029645
1.368186309189614,3.235281787731975
9.502373538208024,21.60942272293376
4.460057729579558,7.688039424579614
